Entity,Code,Year,Solar Capacity
Africa,,1996,1.1124252080917358
Africa,,1997,3.1372756958007812
Africa,,1998,5.162126064300537
Africa,,1999,8.19940185546875
Africa,,2000,10.927000045776367
Africa,,2001,13.028999328613281
Africa,,2002,15.243000030517578
Africa,,2003,18.018999099731445
Africa,,2004,21.996000289916992
Africa,,2005,25.96500015258789
Africa,,2006,34.268001556396484
Africa,,2007,46.656002044677734
Africa,,2008,63.37299728393555
Africa,,2009,106.84500122070312
Africa,,2010,193.8419952392578
Africa,,2011,266.38800048828125
Africa,,2012,345.9539794921875
Africa,,2013,666.9730224609375
Africa,,2014,1573.1199951171875
Africa,,2015,1930.760986328125
Africa,,2016,2988.4169921875
Africa,,2017,4711.06298828125
Africa,,2018,7210.26806640625
Africa,,2019,8415.3193359375
Africa,,2020,9703.859375
Africa,,2021,10302.2607421875
Africa (BP),,1996,1.012425184249878
Africa (BP),,1997,3.037275552749634
Africa (BP),,1998,5.062126159667969
Africa (BP),,1999,8.099401473999023
Africa (BP),,2000,10.927000045776367
Africa (BP),,2001,13.029000282287598
Africa (BP),,2002,15.243000030517578
Africa (BP),,2003,18.018999099731445
Africa (BP),,2004,21.996000289916992
Africa (BP),,2005,25.96500015258789
Africa (BP),,2006,34.268001556396484
Africa (BP),,2007,46.65599822998047
Africa (BP),,2008,63.37300109863281
Africa (BP),,2009,106.84500122070312
Africa (BP),,2010,193.8419952392578
Africa (BP),,2011,266.38800048828125
Africa (BP),,2012,345.9540100097656
Africa (BP),,2013,666.9730224609375
Africa (BP),,2014,1573.1199951171875
Africa (BP),,2015,1930.760986328125
Africa (BP),,2016,2988.4169921875
Africa (BP),,2017,4711.06298828125
Africa (BP),,2018,7210.26806640625
Africa (BP),,2019,8415.3193359375
Africa (BP),,2020,9703.859375
Africa (BP),,2021,10302.259765625
Algeria,DZA,1996,0
Algeria,DZA,1997,0
Algeria,DZA,1998,0
Algeria,DZA,1999,0
Algeria,DZA,2000,0
Algeria,DZA,2001,0
Algeria,DZA,2002,0
Algeria,DZA,2003,0
Algeria,DZA,2004,0
Algeria,DZA,2005,0
Algeria,DZA,2006,0
Algeria,DZA,2007,0
Algeria,DZA,2008,0
Algeria,DZA,2009,0
Algeria,DZA,2010,0
Algeria,DZA,2011,0
Algeria,DZA,2012,0
Algeria,DZA,2013,0
Algeria,DZA,2014,1.100000023841858
Algeria,DZA,2015,49.099998474121094
Algeria,DZA,2016,219.10000610351562
Algeria,DZA,2017,400
Algeria,DZA,2018,423
Algeria,DZA,2019,423
Algeria,DZA,2020,423
Algeria,DZA,2021,423
Argentina,ARG,1996,0
Argentina,ARG,1997,0
Argentina,ARG,1998,0
Argentina,ARG,1999,0
Argentina,ARG,2000,0.02500000037252903
Argentina,ARG,2001,0.026000000536441803
Argentina,ARG,2002,0.026000000536441803
Argentina,ARG,2003,0.026000000536441803
Argentina,ARG,2004,0.026000000536441803
Argentina,ARG,2005,0.026000000536441803
Argentina,ARG,2006,0.026000000536441803
Argentina,ARG,2007,0.026000000536441803
Argentina,ARG,2008,0.026000000536441803
Argentina,ARG,2009,0.026000000536441803
Argentina,ARG,2010,0.026000000536441803
Argentina,ARG,2011,1.2519999742507935
Argentina,ARG,2012,6.251999855041504
Argentina,ARG,2013,8.256999969482422
Argentina,ARG,2014,8.251999855041504
Argentina,ARG,2015,8.618000030517578
Argentina,ARG,2016,8.805999755859375
Argentina,ARG,2017,8.805999755859375
Argentina,ARG,2018,191.23599243164062
Argentina,ARG,2019,442.1109924316406
Argentina,ARG,2020,764.135009765625
Argentina,ARG,2021,1071.365966796875
Asia,,1996,61
Asia,,1997,93.80000305175781
Asia,,1998,139.3000030517578
Asia,,1999,221.39999389648438
Asia,,2000,371.1199951171875
Asia,,2001,506.2300109863281
Asia,,2002,712.1510009765625
Asia,,2003,950.8200073242188
Asia,,2004,1241.0059814453125
Asia,,2005,1610.634033203125
Asia,,2006,1972.4849853515625
Asia,,2007,2298.97607421875
Asia,,2008,2878.010986328125
Asia,,2009,3764.5859375
Asia,,2010,5629.26416015625
Asia,,2011,9884.0498046875
Asia,,2012,16545.689453125
Asia,,2013,36577.15234375
Asia,,2014,61170.58203125
Asia,,2015,91588.6171875
Asia,,2016,142653.515625
Asia,,2017,217310.875
Asia,,2018,284532.4375
Asia,,2019,344220.15625
Asia,,2020,423603.5625
Asia,,2021,501576.28125
Asia Pacific (BP),,1996,77
Asia Pacific (BP),,1997,112.5
Asia Pacific (BP),,1998,162
Asia Pacific (BP),,1999,246
Asia Pacific (BP),,2000,395.6549987792969
Asia Pacific (BP),,2001,534.5599975585938
Asia Pacific (BP),,2002,745.1810302734375
Asia Pacific (BP),,2003,988.4500122070312
Asia Pacific (BP),,2004,1285.10595703125
Asia Pacific (BP),,2005,1659.1710205078125
Asia Pacific (BP),,2006,2029.1639404296875
Asia Pacific (BP),,2007,2363.006103515625
Asia Pacific (BP),,2008,2951.403076171875
Asia Pacific (BP),,2009,4052.47509765625
Asia Pacific (BP),,2010,6625.173828125
Asia Pacific (BP),,2011,12136.7724609375
Asia Pacific (BP),,2012,20023.83203125
Asia Pacific (BP),,2013,40644.078125
Asia Pacific (BP),,2014,65618.234375
Asia Pacific (BP),,2015,96157.1640625
Asia Pacific (BP),,2016,146799.78125
Asia Pacific (BP),,2017,218844.46875
Asia Pacific (BP),,2018,284156.84375
Asia Pacific (BP),,2019,344116.625
Asia Pacific (BP),,2020,425327.15625
Asia Pacific (BP),,2021,501615.3125
Australia,AUS,1996,16
Australia,AUS,1997,19
Australia,AUS,1998,23
Australia,AUS,1999,25
Australia,AUS,2000,25
Australia,AUS,2001,29
Australia,AUS,2002,34
Australia,AUS,2003,39
Australia,AUS,2004,46
Australia,AUS,2005,52
Australia,AUS,2006,61
Australia,AUS,2007,70
Australia,AUS,2008,82
Australia,AUS,2009,329
Australia,AUS,2010,1088
Australia,AUS,2011,2470
Australia,AUS,2012,3796
Australia,AUS,2013,4565
Australia,AUS,2014,5284
Australia,AUS,2015,5943
Australia,AUS,2016,6686
Australia,AUS,2017,7352
Australia,AUS,2018,8623
Australia,AUS,2019,12967
Australia,AUS,2020,17342
Australia,AUS,2021,19074
Austria,AUT,1996,1.7000000476837158
Austria,AUT,1997,2.200000047683716
Austria,AUT,1998,2.9000000953674316
Austria,AUT,1999,3.700000047683716
Austria,AUT,2000,5
Austria,AUT,2001,7
Austria,AUT,2002,9
Austria,AUT,2003,23
Austria,AUT,2004,27
Austria,AUT,2005,21.01799964904785
Austria,AUT,2006,22.386999130249023
Austria,AUT,2007,24.238000869750977
Austria,AUT,2008,30.1200008392334
Austria,AUT,2009,48.915000915527344
Austria,AUT,2010,88.81300354003906
Austria,AUT,2011,174.07000732421875
Austria,AUT,2012,337.4830017089844
Austria,AUT,2013,625.9739990234375
Austria,AUT,2014,785.2459716796875
Austria,AUT,2015,937.0980224609375
Austria,AUT,2016,1096.0159912109375
Austria,AUT,2017,1268.970947265625
Austria,AUT,2018,1455.1319580078125
Austria,AUT,2019,1702.093017578125
Austria,AUT,2020,2042.9339599609375
Austria,AUT,2021,2691.93408203125
Belgium,BEL,1996,0
Belgium,BEL,1997,0
Belgium,BEL,1998,0
Belgium,BEL,1999,0
Belgium,BEL,2000,0
Belgium,BEL,2001,0
Belgium,BEL,2002,1
Belgium,BEL,2003,1
Belgium,BEL,2004,1
Belgium,BEL,2005,2
Belgium,BEL,2006,2
Belgium,BEL,2007,20
Belgium,BEL,2008,62
Belgium,BEL,2009,386
Belgium,BEL,2010,1006.5999755859375
Belgium,BEL,2011,1978.5999755859375
Belgium,BEL,2012,2646.60009765625
Belgium,BEL,2013,2901.60009765625
Belgium,BEL,2014,3015
Belgium,BEL,2015,3131.60009765625
Belgium,BEL,2016,3328.800048828125
Belgium,BEL,2017,3620.60009765625
Belgium,BEL,2018,4000
Belgium,BEL,2019,4636.60009765625
Belgium,BEL,2020,5574.7998046875
Belgium,BEL,2021,6584.60009765625
Brazil,BRA,1996,0
Brazil,BRA,1997,0
Brazil,BRA,1998,0
Brazil,BRA,1999,0
Brazil,BRA,2000,0
Brazil,BRA,2001,0.035999998450279236
Brazil,BRA,2002,0.035999998450279236
Brazil,BRA,2003,0.7160000205039978
Brazil,BRA,2004,0.7179999947547913
Brazil,BRA,2005,0.7179999947547913
Brazil,BRA,2006,0.7179999947547913
Brazil,BRA,2007,0.7179999947547913
Brazil,BRA,2008,0.7639999985694885
Brazil,BRA,2009,0.8140000104904175
Brazil,BRA,2010,0.8539999723434448
Brazil,BRA,2011,6.0970001220703125
Brazil,BRA,2012,6.607999801635742
Brazil,BRA,2013,12.527999877929688
Brazil,BRA,2014,20.69700050354004
Brazil,BRA,2015,45.56700134277344
Brazil,BRA,2016,127.78900146484375
Brazil,BRA,2017,1206.7869873046875
Brazil,BRA,2018,2435.02197265625
Brazil,BRA,2019,4613.19091796875
Brazil,BRA,2020,7879.1572265625
Brazil,BRA,2021,13054.92578125
Bulgaria,BGR,1996,0
Bulgaria,BGR,1997,0
Bulgaria,BGR,1998,0
Bulgaria,BGR,1999,0
Bulgaria,BGR,2000,0
Bulgaria,BGR,2001,0
Bulgaria,BGR,2002,0
Bulgaria,BGR,2003,0
Bulgaria,BGR,2004,0
Bulgaria,BGR,2005,0
Bulgaria,BGR,2006,0
Bulgaria,BGR,2007,0.029999999329447746
Bulgaria,BGR,2008,0.10000000149011612
Bulgaria,BGR,2009,2
Bulgaria,BGR,2010,25
Bulgaria,BGR,2011,154
Bulgaria,BGR,2012,1013
Bulgaria,BGR,2013,1020
Bulgaria,BGR,2014,1026
Bulgaria,BGR,2015,1029
Bulgaria,BGR,2016,1028
Bulgaria,BGR,2017,1035.5699462890625
Bulgaria,BGR,2018,1032.678955078125
Bulgaria,BGR,2019,1047.949951171875
Bulgaria,BGR,2020,1097.3570556640625
Bulgaria,BGR,2021,1186.3570556640625
CIS (BP),,1996,0
CIS (BP),,1997,0
CIS (BP),,1998,0
CIS (BP),,1999,0
CIS (BP),,2000,0
CIS (BP),,2001,0
CIS (BP),,2002,0
CIS (BP),,2003,0
CIS (BP),,2004,0
CIS (BP),,2005,0.06300000101327896
CIS (BP),,2006,0.07900000363588333
CIS (BP),,2007,0.6970000267028809
CIS (BP),,2008,0.48500001430511475
CIS (BP),,2009,0.2980000078678131
CIS (BP),,2010,1.5770000219345093
CIS (BP),,2011,2.0179998874664307
CIS (BP),,2012,3.5290000438690186
CIS (BP),,2013,19.020999908447266
CIS (BP),,2014,88.82499694824219
CIS (BP),,2015,216.822998046875
CIS (BP),,2016,307.53900146484375
CIS (BP),,2017,512.3759765625
CIS (BP),,2018,1217.780029296875
CIS (BP),,2019,2618.919921875
CIS (BP),,2020,3348.320068359375
CIS (BP),,2021,4911.38623046875
Canada,CAN,1996,3
Canada,CAN,1997,3
Canada,CAN,1998,5
Canada,CAN,1999,6
Canada,CAN,2000,7
Canada,CAN,2001,9
Canada,CAN,2002,10
Canada,CAN,2003,12
Canada,CAN,2004,14
Canada,CAN,2005,18
Canada,CAN,2006,22
Canada,CAN,2007,29
Canada,CAN,2008,38
Canada,CAN,2009,107
Canada,CAN,2010,249
Canada,CAN,2011,628
Canada,CAN,2012,766
Canada,CAN,2013,1210
Canada,CAN,2014,1843
Canada,CAN,2015,2519
Canada,CAN,2016,2665
Canada,CAN,2017,2932
Canada,CAN,2018,3095
Canada,CAN,2019,3327
Canada,CAN,2020,3342
Canada,CAN,2021,3629.60009765625
Chile,CHL,1996,0
Chile,CHL,1997,0
Chile,CHL,1998,0
Chile,CHL,1999,0
Chile,CHL,2000,0
Chile,CHL,2001,0
Chile,CHL,2002,0
Chile,CHL,2003,0
Chile,CHL,2004,0
Chile,CHL,2005,0
Chile,CHL,2006,0
Chile,CHL,2007,0
Chile,CHL,2008,0
Chile,CHL,2009,0
Chile,CHL,2010,0
Chile,CHL,2011,0
Chile,CHL,2012,2
Chile,CHL,2013,15
Chile,CHL,2014,221
Chile,CHL,2015,576
Chile,CHL,2016,1125
Chile,CHL,2017,1809
Chile,CHL,2018,2137
Chile,CHL,2019,2653.697998046875
Chile,CHL,2020,3205.43798828125
Chile,CHL,2021,4360.0068359375
China,CHN,1996,1
China,CHN,1997,2.5
China,CHN,1998,5
China,CHN,1999,10
China,CHN,2000,33.51499938964844
China,CHN,2001,38.02000045776367
China,CHN,2002,56.529998779296875
China,CHN,2003,66.5999984741211
China,CHN,2004,76.5999984741211
China,CHN,2005,141.1999969482422
China,CHN,2006,160.1999969482422
China,CHN,2007,199
China,CHN,2008,253
China,CHN,2009,414.79998779296875
China,CHN,2010,1021.7999877929688
China,CHN,2011,3107.800048828125
China,CHN,2012,6717.7998046875
China,CHN,2013,17747.80078125
China,CHN,2014,28387.80078125
China,CHN,2015,43537.80078125
China,CHN,2016,77787.796875
China,CHN,2017,130801.2890625
China,CHN,2018,175015.859375
China,CHN,2019,204574.796875
China,CHN,2020,253417.796875
China,CHN,2021,306402.8125
Czechia,CZE,1996,0
Czechia,CZE,1997,0
Czechia,CZE,1998,0
Czechia,CZE,1999,0
Czechia,CZE,2000,0.10000000149011612
Czechia,CZE,2001,0.10000000149011612
Czechia,CZE,2002,0.20000000298023224
Czechia,CZE,2003,0.30000001192092896
Czechia,CZE,2004,0.4000000059604645
Czechia,CZE,2005,0.5860000252723694
Czechia,CZE,2006,0.8410000205039978
Czechia,CZE,2007,3.9609999656677246
Czechia,CZE,2008,39.5
Czechia,CZE,2009,464.6000061035156
Czechia,CZE,2010,1727
Czechia,CZE,2011,1913
Czechia,CZE,2012,2022
Czechia,CZE,2013,2063.5
Czechia,CZE,2014,2067.39990234375
Czechia,CZE,2015,2074.89990234375
Czechia,CZE,2016,2067.89990234375
Czechia,CZE,2017,2069.5
Czechia,CZE,2018,2075.072021484375
Czechia,CZE,2019,2086.424072265625
Czechia,CZE,2020,2122.7109375
Czechia,CZE,2021,2119.2109375
Denmark,DNK,1996,0
Denmark,DNK,1997,0
Denmark,DNK,1998,0
Denmark,DNK,1999,0
Denmark,DNK,2000,1
Denmark,DNK,2001,1
Denmark,DNK,2002,2
Denmark,DNK,2003,2
Denmark,DNK,2004,2
Denmark,DNK,2005,3
Denmark,DNK,2006,3
Denmark,DNK,2007,3
Denmark,DNK,2008,3
Denmark,DNK,2009,5
Denmark,DNK,2010,7
Denmark,DNK,2011,17
Denmark,DNK,2012,402
Denmark,DNK,2013,571
Denmark,DNK,2014,607
Denmark,DNK,2015,782.1079711914062
Denmark,DNK,2016,850.9530029296875
Denmark,DNK,2017,906.3499755859375
Denmark,DNK,2018,998
Denmark,DNK,2019,1080
Denmark,DNK,2020,1304.2939453125
Denmark,DNK,2021,1540.2939453125
Egypt,EGY,1996,0.10000000149011612
Egypt,EGY,1997,0.10000000149011612
Egypt,EGY,1998,0.10000000149011612
Egypt,EGY,1999,0.10000000149011612
Egypt,EGY,2000,0.10000000149011612
Egypt,EGY,2001,0.5
Egypt,EGY,2002,0.6000000238418579
Egypt,EGY,2003,0.6000000238418579
Egypt,EGY,2004,0.6000000238418579
Egypt,EGY,2005,0.6000000238418579
Egypt,EGY,2006,0.6000000238418579
Egypt,EGY,2007,0.699999988079071
Egypt,EGY,2008,0.8999999761581421
Egypt,EGY,2009,1.2999999523162842
Egypt,EGY,2010,15
Egypt,EGY,2011,15
Egypt,EGY,2012,15
Egypt,EGY,2013,15
Egypt,EGY,2014,15
Egypt,EGY,2015,16
Egypt,EGY,2016,39
Egypt,EGY,2017,160
Egypt,EGY,2018,744.2000122070312
Egypt,EGY,2019,1627.199951171875
Egypt,EGY,2020,1655.3900146484375
Egypt,EGY,2021,1655.3900146484375
Europe,,1996,66.9000015258789
Europe,,1997,87.30000305175781
Europe,,1998,105.4000015258789
Europe,,1999,131.5
Europe,,2000,200.10000610351562
Europe,,2001,300.3599853515625
Europe,,2002,384.9939880371094
Europe,,2003,623.77099609375
Europe,,2004,1335.364013671875
Europe,,2005,2315.507080078125
Europe,,2006,3266.6669921875
Europe,,2007,5039.85205078125
Europe,,2008,10458.16015625
Europe,,2009,16835.7421875
Europe,,2010,30119.1640625
Europe,,2011,53564.97265625
Europe,,2012,71716.375
Europe,,2013,81860.5
Europe,,2014,88780.9609375
Europe,,2015,97348.3046875
Europe,,2016,103888.9375
Europe,,2017,110135.0234375
Europe,,2018,119689.7109375
Europe,,2019,141237.796875
Europe,,2020,161782.765625
Europe,,2021,184948.375
Europe (BP),,1996,66.9000015258789
Europe (BP),,1997,87.30000305175781
Europe (BP),,1998,105.4000015258789
Europe (BP),,1999,131.5
Europe (BP),,2000,200.1999969482422
Europe (BP),,2001,300.6600036621094
Europe (BP),,2002,385.593994140625
Europe (BP),,2003,624.77099609375
Europe (BP),,2004,1336.864013671875
Europe (BP),,2005,2317.507080078125
Europe (BP),,2006,3269.1669921875
Europe (BP),,2007,5042.85205078125
Europe (BP),,2008,10461.8603515625
Europe (BP),,2009,16840.44140625
Europe (BP),,2010,30124.85546875
Europe (BP),,2011,53571.6484375
Europe (BP),,2012,71727.984375
Europe (BP),,2013,81876.9453125
Europe (BP),,2014,88815.9609375
Europe (BP),,2015,97535.984375
Europe (BP),,2016,104645.6171875
Europe (BP),,2017,113330.3984375
Europe (BP),,2018,124217
Europe (BP),,2019,145956.625
Europe (BP),,2020,167022.3125
Europe (BP),,2021,191102.90625
France,FRA,1996,4
France,FRA,1997,6
France,FRA,1998,8
France,FRA,1999,9
France,FRA,2000,7
France,FRA,2001,7
France,FRA,2002,8
France,FRA,2003,9
France,FRA,2004,11
France,FRA,2005,13
France,FRA,2006,15
France,FRA,2007,26
France,FRA,2008,80
France,FRA,2009,277
France,FRA,2010,1044
France,FRA,2011,3003.573974609375
France,FRA,2012,4358.75390625
France,FRA,2013,5277.2890625
France,FRA,2014,6034.41796875
France,FRA,2015,7137.51708984375
France,FRA,2016,7702.0810546875
France,FRA,2017,8610.4365234375
France,FRA,2018,9672.2958984375
France,FRA,2019,10807.8740234375
France,FRA,2020,12022.224609375
France,FRA,2021,14709.224609375
Germany,DEU,1996,28
Germany,DEU,1997,42
Germany,DEU,1998,54
Germany,DEU,1999,70
Germany,DEU,2000,114
Germany,DEU,2001,195
Germany,DEU,2002,260
Germany,DEU,2003,435
Germany,DEU,2004,1105
Germany,DEU,2005,2056
Germany,DEU,2006,2899
Germany,DEU,2007,4170
Germany,DEU,2008,6120
Germany,DEU,2009,10564
Germany,DEU,2010,18004
Germany,DEU,2011,25914
Germany,DEU,2012,34075
Germany,DEU,2013,36708
Germany,DEU,2014,37898
Germany,DEU,2015,39222
Germany,DEU,2016,40677
Germany,DEU,2017,42291
Germany,DEU,2018,45156
Germany,DEU,2019,48912
Germany,DEU,2020,53719
Germany,DEU,2021,58459
Greece,GRC,1996,0
Greece,GRC,1997,0
Greece,GRC,1998,0
Greece,GRC,1999,0
Greece,GRC,2000,0
Greece,GRC,2001,1
Greece,GRC,2002,1
Greece,GRC,2003,1
Greece,GRC,2004,1
Greece,GRC,2005,1
Greece,GRC,2006,5
Greece,GRC,2007,9
Greece,GRC,2008,12
Greece,GRC,2009,46
Greece,GRC,2010,202
Greece,GRC,2011,612
Greece,GRC,2012,1536
Greece,GRC,2013,2579
Greece,GRC,2014,2596
Greece,GRC,2015,2604
Greece,GRC,2016,2604
Greece,GRC,2017,2605.530029296875
Greece,GRC,2018,2651.570068359375
Greece,GRC,2019,2833.7939453125
Greece,GRC,2020,3287.719970703125
Greece,GRC,2021,3530
High-income countries,,1996,154.89999389648438
High-income countries,,1997,210
High-income countries,,1998,276.5
High-income countries,,1999,382.5
High-income countries,,2000,733.2000122070312
High-income countries,,2001,999.2999877929688
High-income countries,,2002,1315.530029296875
High-income countries,,2003,1809.75
High-income countries,,2004,2863.969970703125
High-income countries,,2005,4279.64404296875
High-income countries,,2006,5754.93798828125
High-income countries,,2007,8076.8388671875
High-income countries,,2008,14195.2001953125
High-income countries,,2009,22023.6015625
High-income countries,,2010,38649.6953125
High-income countries,,2011,67329.71875
High-income countries,,2012,90870.625
High-income countries,,2013,112369.296875
High-income countries,,2014,135422.4375
High-income countries,,2015,163549.578125
High-income countries,,2016,191791.875
High-income countries,,2017,217127.046875
High-income countries,,2018,246040.296875
High-income countries,,2019,290912.53125
High-income countries,,2020,340517.5625
High-income countries,,2021,395409.46875
Honduras,HND,1996,0
Honduras,HND,1997,0
Honduras,HND,1998,0
Honduras,HND,1999,1
Honduras,HND,2000,1.5989999771118164
Honduras,HND,2001,1.8040000200271606
Honduras,HND,2002,1.975000023841858
Honduras,HND,2003,2.128000020980835
Honduras,HND,2004,2.375999927520752
Honduras,HND,2005,2.6679999828338623
Honduras,HND,2006,2.871999979019165
Honduras,HND,2007,3.2279999256134033
Honduras,HND,2008,3.2279999256134033
Honduras,HND,2009,3.51200008392334
Honduras,HND,2010,3.7279999256134033
Honduras,HND,2011,4.479000091552734
Honduras,HND,2012,5.156000137329102
Honduras,HND,2013,5.156000137329102
Honduras,HND,2014,5.156000137329102
Honduras,HND,2015,393.156005859375
Honduras,HND,2016,414.156005859375
Honduras,HND,2017,453.7860107421875
Honduras,HND,2018,513.6859741210938
Honduras,HND,2019,514
Honduras,HND,2020,514
Honduras,HND,2021,514
Hungary,HUN,1996,0
Hungary,HUN,1997,0
Hungary,HUN,1998,0
Hungary,HUN,1999,0
Hungary,HUN,2000,0
Hungary,HUN,2001,0
Hungary,HUN,2002,0
Hungary,HUN,2003,0
Hungary,HUN,2004,0
Hungary,HUN,2005,0
Hungary,HUN,2006,0
Hungary,HUN,2007,0.4000000059604645
Hungary,HUN,2008,1
Hungary,HUN,2009,1
Hungary,HUN,2010,2
Hungary,HUN,2011,4
Hungary,HUN,2012,12
Hungary,HUN,2013,35
Hungary,HUN,2014,89
Hungary,HUN,2015,172
Hungary,HUN,2016,235
Hungary,HUN,2017,344
Hungary,HUN,2018,728
Hungary,HUN,2019,1400
Hungary,HUN,2020,2131
Hungary,HUN,2021,2131
India,IND,1996,0
India,IND,1997,0
India,IND,1998,0
India,IND,1999,0
India,IND,2000,1.0839999914169312
India,IND,2001,5.534999847412109
India,IND,2002,6.704999923706055
India,IND,2003,7.885000228881836
India,IND,2004,7.809999942779541
India,IND,2005,11.567000389099121
India,IND,2006,9.602999687194824
India,IND,2007,25.099000930786133
India,IND,2008,27.722999572753906
India,IND,2009,39.36199951171875
India,IND,2010,65.36199951171875
India,IND,2011,563.3150024414062
India,IND,2012,978.5819702148438
India,IND,2013,1445.8270263671875
India,IND,2014,3444.008056640625
India,IND,2015,5364.98388671875
India,IND,2016,9650.521484375
India,IND,2017,17923.255859375
India,IND,2018,27124.59765625
India,IND,2019,34860.90625
India,IND,2020,39042.65625
India,IND,2021,49341.5078125
Israel,ISR,1996,0
Israel,ISR,1997,0.30000001192092896
Israel,ISR,1998,0.30000001192092896
Israel,ISR,1999,0.4000000059604645
Israel,ISR,2000,0
Israel,ISR,2001,0
Israel,ISR,2002,0
Israel,ISR,2003,0
Israel,ISR,2004,0
Israel,ISR,2005,1
Israel,ISR,2006,1.2999999523162842
Israel,ISR,2007,1.7999999523162842
Israel,ISR,2008,3
Israel,ISR,2009,24.5
Israel,ISR,2010,69.9000015258789
Israel,ISR,2011,189.6999969482422
Israel,ISR,2012,272
Israel,ISR,2013,376.79998779296875
Israel,ISR,2014,587.0999755859375
Israel,ISR,2015,765.7000122070312
Israel,ISR,2016,873.5999755859375
Israel,ISR,2017,982.2999877929688
Israel,ISR,2018,1285.199951171875
Israel,ISR,2019,1807.4000244140625
Israel,ISR,2020,2230
Israel,ISR,2021,2313
Italy,ITA,1996,16
Italy,ITA,1997,17
Italy,ITA,1998,18
Italy,ITA,1999,18
Italy,ITA,2000,19
Italy,ITA,2001,20
Italy,ITA,2002,22
Italy,ITA,2003,26
Italy,ITA,2004,31
Italy,ITA,2005,34
Italy,ITA,2006,45
Italy,ITA,2007,110
Italy,ITA,2008,483
Italy,ITA,2009,1264
Italy,ITA,2010,3592
Italy,ITA,2011,13131
Italy,ITA,2012,16785
Italy,ITA,2013,18185
Italy,ITA,2014,18594
Italy,ITA,2015,18901
Italy,ITA,2016,19283
Italy,ITA,2017,19682.29296875
Italy,ITA,2018,20107.58984375
Italy,ITA,2019,20865.275390625
Italy,ITA,2020,21650.0390625
Italy,ITA,2021,22692.0390625
Japan,JPN,1996,60
Japan,JPN,1997,91
Japan,JPN,1998,133
Japan,JPN,1999,209
Japan,JPN,2000,330
Japan,JPN,2001,453
Japan,JPN,2002,637
Japan,JPN,2003,860
Japan,JPN,2004,1132
Japan,JPN,2005,1422
Japan,JPN,2006,1708
Japan,JPN,2007,1919
Japan,JPN,2008,2144
Japan,JPN,2009,2627
Japan,JPN,2010,3618
Japan,JPN,2011,4914
Japan,JPN,2012,6632
Japan,JPN,2013,13599
Japan,JPN,2014,23339
Japan,JPN,2015,34150
Japan,JPN,2016,42040
Japan,JPN,2017,49500
Japan,JPN,2018,56162
Japan,JPN,2019,63192
Japan,JPN,2020,69764
Japan,JPN,2021,74191
Jordan,JOR,1996,0
Jordan,JOR,1997,0
Jordan,JOR,1998,0
Jordan,JOR,1999,0
Jordan,JOR,2000,0.014999999664723873
Jordan,JOR,2001,0.014999999664723873
Jordan,JOR,2002,0.014999999664723873
Jordan,JOR,2003,0.014999999664723873
Jordan,JOR,2004,0.014999999664723873
Jordan,JOR,2005,0.014999999664723873
Jordan,JOR,2006,0.014999999664723873
Jordan,JOR,2007,0.014999999664723873
Jordan,JOR,2008,0.014999999664723873
Jordan,JOR,2009,0.014999999664723873
Jordan,JOR,2010,0.014999999664723873
Jordan,JOR,2011,0.0430000014603138
Jordan,JOR,2012,0.0729999989271164
Jordan,JOR,2013,0.14100000262260437
Jordan,JOR,2014,0.23600000143051147
Jordan,JOR,2015,5.557000160217285
Jordan,JOR,2016,286.5929870605469
Jordan,JOR,2017,396.5880126953125
Jordan,JOR,2018,699.6229858398438
Jordan,JOR,2019,1185.6700439453125
Jordan,JOR,2020,1448.375
Jordan,JOR,2021,1520.574951171875
Lower-middle-income countries,,1996,0.10000000149011612
Lower-middle-income countries,,1997,0.10000000149011612
Lower-middle-income countries,,1998,0.10000000149011612
Lower-middle-income countries,,1999,1.100000023841858
Lower-middle-income countries,,2000,9.484999656677246
Lower-middle-income countries,,2001,14.946999549865723
Lower-middle-income countries,,2002,17.215999603271484
Lower-middle-income countries,,2003,19.41900062561035
Lower-middle-income countries,,2004,22.632999420166016
Lower-middle-income countries,,2005,28.739999771118164
Lower-middle-income countries,,2006,29.319000244140625
Lower-middle-income countries,,2007,46.555999755859375
Lower-middle-income countries,,2008,51.279998779296875
Lower-middle-income countries,,2009,69.8239974975586
Lower-middle-income countries,,2010,115.947998046875
Lower-middle-income countries,,2011,810.3380126953125
Lower-middle-income countries,,2012,1437.8330078125
Lower-middle-income countries,,2013,2337.780029296875
Lower-middle-income countries,,2014,4502.35400390625
Lower-middle-income countries,,2015,7127.591796875
Lower-middle-income countries,,2016,12678.287109375
Lower-middle-income countries,,2017,21732.00390625
Lower-middle-income countries,,2018,32703.12890625
Lower-middle-income countries,,2019,50293.74609375
Lower-middle-income countries,,2020,67738.734375
Lower-middle-income countries,,2021,79343.734375
Malaysia,MYS,1996,0
Malaysia,MYS,1997,0
Malaysia,MYS,1998,0
Malaysia,MYS,1999,0
Malaysia,MYS,2000,0
Malaysia,MYS,2001,0
Malaysia,MYS,2002,0
Malaysia,MYS,2003,0
Malaysia,MYS,2004,0
Malaysia,MYS,2005,0
Malaysia,MYS,2006,0
Malaysia,MYS,2007,0.44999998807907104
Malaysia,MYS,2008,0.5400000214576721
Malaysia,MYS,2009,0.5400000214576721
Malaysia,MYS,2010,0.5440000295639038
Malaysia,MYS,2011,0.5440000295639038
Malaysia,MYS,2012,31.583999633789062
Malaysia,MYS,2013,138.6739959716797
Malaysia,MYS,2014,205.38800048828125
Malaysia,MYS,2015,266.2850036621094
Malaysia,MYS,2016,344.1080017089844
Malaysia,MYS,2017,393.8080139160156
Malaysia,MYS,2018,545.0750122070312
Malaysia,MYS,2019,893.594970703125
Malaysia,MYS,2020,1482.5970458984375
Malaysia,MYS,2021,1786.7469482421875
Mexico,MEX,1996,10
Mexico,MEX,1997,11
Mexico,MEX,1998,12
Mexico,MEX,1999,13
Mexico,MEX,2000,14
Mexico,MEX,2001,15
Mexico,MEX,2002,16
Mexico,MEX,2003,16
Mexico,MEX,2004,16
Mexico,MEX,2005,16
Mexico,MEX,2006,16
Mexico,MEX,2007,19
Mexico,MEX,2008,19
Mexico,MEX,2009,25.100000381469727
Mexico,MEX,2010,29.799999237060547
Mexico,MEX,2011,42.400001525878906
Mexico,MEX,2012,72.80000305175781
Mexico,MEX,2013,109
Mexico,MEX,2014,174
Mexico,MEX,2015,287
Mexico,MEX,2016,632.5999755859375
Mexico,MEX,2017,1125.739990234375
Mexico,MEX,2018,2541
Mexico,MEX,2019,4426.2080078125
Mexico,MEX,2020,5149
Mexico,MEX,2021,7026
Middle East (BP),,1996,0
Middle East (BP),,1997,0.30000001192092896
Middle East (BP),,1998,0.30000001192092896
Middle East (BP),,1999,0.4000000059604645
Middle East (BP),,2000,0.36500000953674316
Middle East (BP),,2001,0.3700000047683716
Middle East (BP),,2002,0.3700000047683716
Middle East (BP),,2003,0.3700000047683716
Middle East (BP),,2004,0.4000000059604645
Middle East (BP),,2005,1.399999976158142
Middle East (BP),,2006,1.7419999837875366
Middle East (BP),,2007,2.2730000019073486
Middle East (BP),,2008,4.422999858856201
Middle East (BP),,2009,36.112998962402344
Middle East (BP),,2010,84.822998046875
Middle East (BP),,2011,208.58299255371094
Middle East (BP),,2012,302.72100830078125
Middle East (BP),,2013,462.6099853515625
Middle East (BP),,2014,712.5239868164062
Middle East (BP),,2015,969.9520263671875
Middle East (BP),,2016,1475.52001953125
Middle East (BP),,2017,2110.6630859375
Middle East (BP),,2018,3253.535888671875
Middle East (BP),,2019,5732.76123046875
Middle East (BP),,2020,7030.5400390625
Middle East (BP),,2021,7969.05615234375
Morocco,MAR,1996,0
Morocco,MAR,1997,0
Morocco,MAR,1998,0
Morocco,MAR,1999,0
Morocco,MAR,2000,6.699999809265137
Morocco,MAR,2001,7
Morocco,MAR,2002,7.699999809265137
Morocco,MAR,2003,8.399999618530273
Morocco,MAR,2004,9.100000381469727
Morocco,MAR,2005,10
Morocco,MAR,2006,10.800000190734863
Morocco,MAR,2007,11.944999694824219
Morocco,MAR,2008,12.845000267028809
Morocco,MAR,2009,13.444999694824219
Morocco,MAR,2010,13.545000076293945
Morocco,MAR,2011,14.173999786376953
Morocco,MAR,2012,15.173999786376953
Morocco,MAR,2013,15.173999786376953
Morocco,MAR,2014,19.600000381469727
Morocco,MAR,2015,19.799999237060547
Morocco,MAR,2016,21.8700008392334
Morocco,MAR,2017,23.895000457763672
Morocco,MAR,2018,193.89500427246094
Morocco,MAR,2019,193.9029998779297
Morocco,MAR,2020,194
Morocco,MAR,2021,234.3000030517578
Netherlands,NLD,1996,0.699999988079071
Netherlands,NLD,1997,1
Netherlands,NLD,1998,1
Netherlands,NLD,1999,5
Netherlands,NLD,2000,13
Netherlands,NLD,2001,21
Netherlands,NLD,2002,26
Netherlands,NLD,2003,46
Netherlands,NLD,2004,50
Netherlands,NLD,2005,51
Netherlands,NLD,2006,53
Netherlands,NLD,2007,54
Netherlands,NLD,2008,59
Netherlands,NLD,2009,69
Netherlands,NLD,2010,90
Netherlands,NLD,2011,149
Netherlands,NLD,2012,287
Netherlands,NLD,2013,650
Netherlands,NLD,2014,1007
Netherlands,NLD,2015,1526
Netherlands,NLD,2016,2135
Netherlands,NLD,2017,2911
Netherlands,NLD,2018,4608
Netherlands,NLD,2019,7226
Netherlands,NLD,2020,10949.7197265625
Netherlands,NLD,2021,14249
North America,,1996,26.899999618530273
North America,,1997,28.600000381469727
North America,,1998,32.20000076293945
North America,,1999,36.599998474121094
North America,,2000,198.5989990234375
North America,,2001,238.8040008544922
North America,,2002,282.9750061035156
North America,,2003,323.12799072265625
North America,,2004,395.3760070800781
North America,,2005,529.6680297851562
North America,,2006,738.8720092773438
North America,,2007,1025.22802734375
North America,,2008,1213.22802734375
North America,,2009,1749.612060546875
North America,,2010,3191.528076171875
North America,,2011,5846.87890625
North America,,2012,8980.9560546875
North America,,2013,13083.15625
North America,,2014,18006.15625
North America,,2015,24883.15625
North America,,2016,36669.7578125
North America,,2017,45868.52734375
North America,,2018,55961.6875
North America,,2019,67335.2109375
North America,,2020,82818.703125
North America,,2021,104882.6171875
North America (BP),,1996,26.899999618530273
North America (BP),,1997,28.600000381469727
North America (BP),,1998,32.20000076293945
North America (BP),,1999,35.599998474121094
North America (BP),,2000,197
North America (BP),,2001,237
North America (BP),,2002,281
North America (BP),,2003,321
North America (BP),,2004,393
North America (BP),,2005,527
North America (BP),,2006,736
North America (BP),,2007,1022
North America (BP),,2008,1210
North America (BP),,2009,1746.0999755859375
North America (BP),,2010,3187.800048828125
North America (BP),,2011,5842.39990234375
North America (BP),,2012,8975.7998046875
North America (BP),,2013,13078
North America (BP),,2014,18001
North America (BP),,2015,24490
North America (BP),,2016,36255.6015625
North America (BP),,2017,45414.73828125
North America (BP),,2018,55448.140625
North America (BP),,2019,66821.34375
North America (BP),,2020,82304.8359375
North America (BP),,2021,104368.75
Oceania,,1996,16
Oceania,,1997,19
Oceania,,1998,23
Oceania,,1999,25
Oceania,,2000,25
Oceania,,2001,29
Oceania,,2002,34
Oceania,,2003,39
Oceania,,2004,46
Oceania,,2005,52
Oceania,,2006,61
Oceania,,2007,70
Oceania,,2008,82
Oceania,,2009,329
Oceania,,2010,1088
Oceania,,2011,2470
Oceania,,2012,3796
Oceania,,2013,4565
Oceania,,2014,5284
Oceania,,2015,5943
Oceania,,2016,6686
Oceania,,2017,7352
Oceania,,2018,8623
Oceania,,2019,12967
Oceania,,2020,17342
Oceania,,2021,19074
Other Africa (BP),,1996,1.012425184249878
Other Africa (BP),,1997,1.0372756719589233
Other Africa (BP),,1998,1.0621260404586792
Other Africa (BP),,1999,2.0994017124176025
Other Africa (BP),,2000,4.126999855041504
Other Africa (BP),,2001,5.5289998054504395
Other Africa (BP),,2002,6.942999839782715
Other Africa (BP),,2003,9.019000053405762
Other Africa (BP),,2004,12.295999526977539
Other Africa (BP),,2005,15.364999771118164
Other Africa (BP),,2006,22.868000030517578
Other Africa (BP),,2007,34.01100158691406
Other Africa (BP),,2008,49.62799835205078
Other Africa (BP),,2009,92.0999984741211
Other Africa (BP),,2010,163.33799743652344
Other Africa (BP),,2011,231.55599975585938
Other Africa (BP),,2012,304.47698974609375
Other Africa (BP),,2013,375.17401123046875
Other Africa (BP),,2014,474.5190124511719
Other Africa (BP),,2015,594.2050170898438
Other Africa (BP),,2016,734.4210205078125
Other Africa (BP),,2017,980.43798828125
Other Africa (BP),,2018,1448.2440185546875
Other Africa (BP),,2019,1766.2249755859375
Other Africa (BP),,2020,1941.8909912109375
Other Africa (BP),,2021,2268.47509765625
Other Asia Pacific (BP),,1996,0
Other Asia Pacific (BP),,1997,0
Other Asia Pacific (BP),,1998,1
Other Asia Pacific (BP),,1999,2
Other Asia Pacific (BP),,2000,1.9539999961853027
Other Asia Pacific (BP),,2001,3.697000026702881
Other Asia Pacific (BP),,2002,5.380000114440918
Other Asia Pacific (BP),,2003,8.109000205993652
Other Asia Pacific (BP),,2004,10.378999710083008
Other Asia Pacific (BP),,2005,13.458999633789062
Other Asia Pacific (BP),,2006,17.097000122070312
Other Asia Pacific (BP),,2007,28.183000564575195
Other Asia Pacific (BP),,2008,42.625999450683594
Other Asia Pacific (BP),,2009,59.05799865722656
Other Asia Pacific (BP),,2010,82.5
Other Asia Pacific (BP),,2011,117.33100128173828
Other Asia Pacific (BP),,2012,183.56500244140625
Other Asia Pacific (BP),,2013,251.1179962158203
Other Asia Pacific (BP),,2014,344.19500732421875
Other Asia Pacific (BP),,2015,532.8920288085938
Other Asia Pacific (BP),,2016,719.2520141601562
Other Asia Pacific (BP),,2017,1003.0789794921875
Other Asia Pacific (BP),,2018,1185.6710205078125
Other Asia Pacific (BP),,2019,1805.1290283203125
Other Asia Pacific (BP),,2020,2324.80810546875
Other Asia Pacific (BP),,2021,2801.298095703125
Other CIS (BP),,1996,0
Other CIS (BP),,1997,0
Other CIS (BP),,1998,0
Other CIS (BP),,1999,0
Other CIS (BP),,2000,0
Other CIS (BP),,2001,0
Other CIS (BP),,2002,0
Other CIS (BP),,2003,0
Other CIS (BP),,2004,0
Other CIS (BP),,2005,0.06300000101327896
Other CIS (BP),,2006,0.07900000363588333
Other CIS (BP),,2007,0.6970000267028809
Other CIS (BP),,2008,0.48500001430511475
Other CIS (BP),,2009,0.2980000078678131
Other CIS (BP),,2010,1.5670000314712524
Other CIS (BP),,2011,1.9950000047683716
Other CIS (BP),,2012,3.436000108718872
Other CIS (BP),,2013,17.761999130249023
Other CIS (BP),,2014,83.82499694824219
Other CIS (BP),,2015,155.5030059814453
Other CIS (BP),,2016,231.218994140625
Other CIS (BP),,2017,287.0559997558594
Other CIS (BP),,2018,682.4600219726562
Other CIS (BP),,2019,1342.5999755859375
Other CIS (BP),,2020,1920.5
Other CIS (BP),,2021,3250.365966796875
Other Europe (BP),,1996,4.900000095367432
Other Europe (BP),,1997,5.199999809265137
Other Europe (BP),,1998,5.400000095367432
Other Europe (BP),,1999,6
Other Europe (BP),,2000,9
Other Europe (BP),,2001,10.260000228881836
Other Europe (BP),,2002,10.793999671936035
Other Europe (BP),,2003,24.47100067138672
Other Europe (BP),,2004,35.9640007019043
Other Europe (BP),,2005,36.90299987792969
Other Europe (BP),,2006,39.43899917602539
Other Europe (BP),,2007,40.222999572753906
Other Europe (BP),,2008,45.34000015258789
Other Europe (BP),,2009,55.12699890136719
Other Europe (BP),,2010,71.14199829101562
Other Europe (BP),,2011,138.39500427246094
Other Europe (BP),,2012,293.5480041503906
Other Europe (BP),,2013,476.08599853515625
Other Europe (BP),,2014,623.6439819335938
Other Europe (BP),,2015,711.56201171875
Other Europe (BP),,2016,801.093017578125
Other Europe (BP),,2017,962.9949951171875
Other Europe (BP),,2018,1142.5340576171875
Other Europe (BP),,2019,1602.1190185546875
Other Europe (BP),,2020,2321.008056640625
Other Europe (BP),,2021,2978.446044921875
Other Middle East (BP),,1996,0
Other Middle East (BP),,1997,0
Other Middle East (BP),,1998,0
Other Middle East (BP),,1999,0
Other Middle East (BP),,2000,0.3499999940395355
Other Middle East (BP),,2001,0.35499998927116394
Other Middle East (BP),,2002,0.35499998927116394
Other Middle East (BP),,2003,0.35499998927116394
Other Middle East (BP),,2004,0.38499999046325684
Other Middle East (BP),,2005,0.38499999046325684
Other Middle East (BP),,2006,0.4269999861717224
Other Middle East (BP),,2007,0.4580000042915344
Other Middle East (BP),,2008,1.4079999923706055
Other Middle East (BP),,2009,1.5219999551773071
Other Middle East (BP),,2010,4.081999778747559
Other Middle East (BP),,2011,6.089000225067139
Other Middle East (BP),,2012,17.441999435424805
Other Middle East (BP),,2013,59.867000579833984
Other Middle East (BP),,2014,92.01699829101562
Other Middle East (BP),,2015,165.28900146484375
Other Middle East (BP),,2016,274.9209899902344
Other Middle East (BP),,2017,476.739013671875
Other Middle East (BP),,2018,770.4080200195312
Other Middle East (BP),,2019,921.8209838867188
Other Middle East (BP),,2020,1146.7679443359375
Other Middle East (BP),,2021,1530.4339599609375
Other South and Central America (BP),,1996,0
Other South and Central America (BP),,1997,0
Other South and Central America (BP),,1998,0
Other South and Central America (BP),,1999,1
Other South and Central America (BP),,2000,2.8980000019073486
Other South and Central America (BP),,2001,5.500999927520752
Other South and Central America (BP),,2002,7.633999824523926
Other South and Central America (BP),,2003,9.550000190734863
Other South and Central America (BP),,2004,11.493000030517578
Other South and Central America (BP),,2005,13.60099983215332
Other South and Central America (BP),,2006,19.156999588012695
Other South and Central America (BP),,2007,25.010000228881836
Other South and Central America (BP),,2008,33.979000091552734
Other South and Central America (BP),,2009,57.84199905395508
Other South and Central America (BP),,2010,115.13099670410156
Other South and Central America (BP),,2011,176.33399963378906
Other South and Central America (BP),,2012,345.48699951171875
Other South and Central America (BP),,2013,438.3970031738281
Other South and Central America (BP),,2014,552.4099731445312
Other South and Central America (BP),,2015,879.5780029296875
Other South and Central America (BP),,2016,1080.7039794921875
Other South and Central America (BP),,2017,1804.43603515625
Other South and Central America (BP),,2018,2231.330078125
Other South and Central America (BP),,2019,2801.06396484375
Other South and Central America (BP),,2020,3181.366943359375
Other South and Central America (BP),,2021,3816.1240234375
Pakistan,PAK,1996,0
Pakistan,PAK,1997,0
Pakistan,PAK,1998,0
Pakistan,PAK,1999,0
Pakistan,PAK,2000,0
Pakistan,PAK,2001,0
Pakistan,PAK,2002,0
Pakistan,PAK,2003,0
Pakistan,PAK,2004,0
Pakistan,PAK,2005,0
Pakistan,PAK,2006,0
Pakistan,PAK,2007,0.14000000059604645
Pakistan,PAK,2008,1.1399999856948853
Pakistan,PAK,2009,6.670000076293945
Pakistan,PAK,2010,9.274999618530273
Pakistan,PAK,2011,18.631999969482422
Pakistan,PAK,2012,45.78300094604492
Pakistan,PAK,2013,100.65799713134766
Pakistan,PAK,2014,165.36300659179688
Pakistan,PAK,2015,265.5119934082031
Pakistan,PAK,2016,589.5050048828125
Pakistan,PAK,2017,654.698974609375
Pakistan,PAK,2018,679.1090087890625
Pakistan,PAK,2019,763.31298828125
Pakistan,PAK,2020,860.31298828125
Pakistan,PAK,2021,1083.31298828125
Philippines,PHL,1996,0
Philippines,PHL,1997,0
Philippines,PHL,1998,0
Philippines,PHL,1999,0
Philippines,PHL,2000,0
Philippines,PHL,2001,0
Philippines,PHL,2002,0
Philippines,PHL,2003,0
Philippines,PHL,2004,2
Philippines,PHL,2005,2.0199999809265137
Philippines,PHL,2006,2.0199999809265137
Philippines,PHL,2007,2.0199999809265137
Philippines,PHL,2008,2.0199999809265137
Philippines,PHL,2009,2.0199999809265137
Philippines,PHL,2010,2.0199999809265137
Philippines,PHL,2011,2.0199999809265137
Philippines,PHL,2012,2.0199999809265137
Philippines,PHL,2013,3.046999931335449
Philippines,PHL,2014,27.73699951171875
Philippines,PHL,2015,172.5500030517578
Philippines,PHL,2016,784.14501953125
Philippines,PHL,2017,908.3759765625
Philippines,PHL,2018,916.9609985351562
Philippines,PHL,2019,982.2459716796875
Philippines,PHL,2020,1057.8809814453125
Philippines,PHL,2021,1369.7340087890625
Poland,POL,1997,0
Poland,POL,1998,0
Poland,POL,1999,0
Poland,POL,2000,0
Poland,POL,2001,0
Poland,POL,2002,0
Poland,POL,2003,0
Poland,POL,2004,0
Poland,POL,2005,0
Poland,POL,2006,0
Poland,POL,2007,0
Poland,POL,2008,0
Poland,POL,2009,0
Poland,POL,2010,0
Poland,POL,2011,1.1100000143051147
Poland,POL,2012,1.2999999523162842
Poland,POL,2013,2.3929998874664307
Poland,POL,2014,27.149999618530273
Poland,POL,2015,107.7770004272461
Poland,POL,2016,187.2469940185547
Poland,POL,2017,287.09100341796875
Poland,POL,2018,561.9760131835938
Poland,POL,2019,1539.259033203125
Poland,POL,2020,3954.962890625
Poland,POL,2021,6256.75390625
Portugal,PRT,1996,0.4000000059604645
Portugal,PRT,1997,0.5
Portugal,PRT,1998,0.6000000238418579
Portugal,PRT,1999,0.8999999761581421
Portugal,PRT,2000,1
Portugal,PRT,2001,1
Portugal,PRT,2002,1
Portugal,PRT,2003,2
Portugal,PRT,2004,2
Portugal,PRT,2005,2
Portugal,PRT,2006,3
Portugal,PRT,2007,24
Portugal,PRT,2008,59
Portugal,PRT,2009,115
Portugal,PRT,2010,134
Portugal,PRT,2011,172
Portugal,PRT,2012,238
Portugal,PRT,2013,296
Portugal,PRT,2014,415
Portugal,PRT,2015,447
Portugal,PRT,2016,512.823974609375
Portugal,PRT,2017,579.2360229492188
Portugal,PRT,2018,667.4310302734375
Portugal,PRT,2019,901.43798828125
Portugal,PRT,2020,1100.2919921875
Portugal,PRT,2021,1801.2919921875
Romania,ROU,1996,0
Romania,ROU,1997,0
Romania,ROU,1998,0
Romania,ROU,1999,0
Romania,ROU,2000,0
Romania,ROU,2001,0
Romania,ROU,2002,0
Romania,ROU,2003,0
Romania,ROU,2004,0
Romania,ROU,2005,0
Romania,ROU,2006,0
Romania,ROU,2007,0
Romania,ROU,2008,0.10000000149011612
Romania,ROU,2009,0.10000000149011612
Romania,ROU,2010,0.10000000149011612
Romania,ROU,2011,1
Romania,ROU,2012,41
Romania,ROU,2013,761
Romania,ROU,2014,1293
Romania,ROU,2015,1326
Romania,ROU,2016,1372
Romania,ROU,2017,1374.1290283203125
Romania,ROU,2018,1385.8199462890625
Romania,ROU,2019,1397.7049560546875
Romania,ROU,2020,1382.5389404296875
Romania,ROU,2021,1397.5389404296875
Russia,RUS,1996,0
Russia,RUS,1997,0
Russia,RUS,1998,0
Russia,RUS,1999,0
Russia,RUS,2000,0
Russia,RUS,2001,0
Russia,RUS,2002,0
Russia,RUS,2003,0
Russia,RUS,2004,0
Russia,RUS,2005,0
Russia,RUS,2006,0
Russia,RUS,2007,0
Russia,RUS,2008,0
Russia,RUS,2009,0
Russia,RUS,2010,0.009999999776482582
Russia,RUS,2011,0.023000000044703484
Russia,RUS,2012,0.09300000220537186
Russia,RUS,2013,1.2589999437332153
Russia,RUS,2014,5
Russia,RUS,2015,61.31999969482422
Russia,RUS,2016,76.31999969482422
Russia,RUS,2017,225.32000732421875
Russia,RUS,2018,535.3200073242188
Russia,RUS,2019,1276.3199462890625
Russia,RUS,2020,1427.8199462890625
Russia,RUS,2021,1661.02001953125
Slovakia,SVK,1996,0
Slovakia,SVK,1997,0
Slovakia,SVK,1998,0
Slovakia,SVK,1999,0
Slovakia,SVK,2000,0
Slovakia,SVK,2001,0
Slovakia,SVK,2002,0
Slovakia,SVK,2003,0
Slovakia,SVK,2004,0
Slovakia,SVK,2005,0
Slovakia,SVK,2006,0
Slovakia,SVK,2007,0
Slovakia,SVK,2008,0
Slovakia,SVK,2009,0
Slovakia,SVK,2010,19
Slovakia,SVK,2011,496
Slovakia,SVK,2012,513
Slovakia,SVK,2013,533
Slovakia,SVK,2014,533
Slovakia,SVK,2015,533
Slovakia,SVK,2016,533
Slovakia,SVK,2017,528
Slovakia,SVK,2018,472
Slovakia,SVK,2019,590
Slovakia,SVK,2020,535
Slovakia,SVK,2021,535
South Africa,ZAF,1996,0
South Africa,ZAF,1997,2
South Africa,ZAF,1998,4
South Africa,ZAF,1999,6
South Africa,ZAF,2000,0
South Africa,ZAF,2001,0
South Africa,ZAF,2002,0
South Africa,ZAF,2003,0
South Africa,ZAF,2004,0
South Africa,ZAF,2005,0
South Africa,ZAF,2006,0
South Africa,ZAF,2007,0
South Africa,ZAF,2008,0
South Africa,ZAF,2009,0
South Africa,ZAF,2010,1.9589999914169312
South Africa,ZAF,2011,5.6579999923706055
South Africa,ZAF,2012,11.303000450134277
South Africa,ZAF,2013,261.625
South Africa,ZAF,2014,1062.9010009765625
South Africa,ZAF,2015,1251.656005859375
South Africa,ZAF,2016,1974.0260009765625
South Africa,ZAF,2017,3146.72998046875
South Africa,ZAF,2018,4400.92919921875
South Africa,ZAF,2019,4404.9912109375
South Africa,ZAF,2020,5489.578125
South Africa,ZAF,2021,5721.09521484375
South America,,1996,0
South America,,1997,0
South America,,1998,0
South America,,1999,0
South America,,2000,0.02500000037252903
South America,,2001,0.06199999898672104
South America,,2002,0.06199999898672104
South America,,2003,0.7420000433921814
South America,,2004,0.7440000176429749
South America,,2005,0.7440000176429749
South America,,2006,0.7440000176429749
South America,,2007,0.7440000176429749
South America,,2008,0.7900000214576721
South America,,2009,0.8400000333786011
South America,,2010,0.8799999952316284
South America,,2011,7.348999977111816
South America,,2012,14.859999656677246
South America,,2013,35.78499984741211
South America,,2014,249.94900512695312
South America,,2015,630.1849975585938
South America,,2016,1261.594970703125
South America,,2017,3024.593017578125
South America,,2018,4763.2578125
South America,,2019,7709
South America,,2020,11848.73046875
South America,,2021,18486.298828125
South Korea,KOR,1996,0
South Korea,KOR,1997,0
South Korea,KOR,1998,0
South Korea,KOR,1999,0
South Korea,KOR,2000,4
South Korea,KOR,2001,5
South Korea,KOR,2002,5
South Korea,KOR,2003,6
South Korea,KOR,2004,9
South Korea,KOR,2005,14
South Korea,KOR,2006,36
South Korea,KOR,2007,81
South Korea,KOR,2008,357
South Korea,KOR,2009,524
South Korea,KOR,2010,650
South Korea,KOR,2011,730
South Korea,KOR,2012,1024
South Korea,KOR,2013,1555
South Korea,KOR,2014,2481
South Korea,KOR,2015,3615
South Korea,KOR,2016,4502
South Korea,KOR,2017,5835
South Korea,KOR,2018,8099
South Korea,KOR,2019,11952
South Korea,KOR,2020,14574.791015625
South Korea,KOR,2021,18160.57421875
South and Central America (BP),,1996,0
South and Central America (BP),,1997,0
South and Central America (BP),,1998,0
South and Central America (BP),,1999,2
South and Central America (BP),,2000,4.521999835968018
South and Central America (BP),,2001,7.367000102996826
South and Central America (BP),,2002,9.670999526977539
South and Central America (BP),,2003,12.420000076293945
South and Central America (BP),,2004,14.61299991607666
South and Central America (BP),,2005,17.01300048828125
South and Central America (BP),,2006,22.773000717163086
South and Central America (BP),,2007,28.98200035095215
South and Central America (BP),,2008,37.99700164794922
South and Central America (BP),,2009,62.194000244140625
South and Central America (BP),,2010,119.73899841308594
South and Central America (BP),,2011,188.16200256347656
South and Central America (BP),,2012,365.50299072265625
South and Central America (BP),,2013,479.3380126953125
South and Central America (BP),,2014,807.5150146484375
South and Central America (BP),,2015,1902.9189453125
South and Central America (BP),,2016,2756.455078125
South and Central America (BP),,2017,5282.81494140625
South and Central America (BP),,2018,7508.27392578125
South and Central America (BP),,2019,11024.064453125
South and Central America (BP),,2020,15544.0966796875
South and Central America (BP),,2021,22816.423828125
Spain,ESP,1996,1
Spain,ESP,1997,1
Spain,ESP,1998,1
Spain,ESP,1999,2
Spain,ESP,2000,10
Spain,ESP,2001,13
Spain,ESP,2002,17
Spain,ESP,2003,22
Spain,ESP,2004,33
Spain,ESP,2005,52
Spain,ESP,2006,130
Spain,ESP,2007,494
Spain,ESP,2008,3384
Spain,ESP,2009,3423
Spain,ESP,2010,3873
Spain,ESP,2011,4283
Spain,ESP,2012,4569
Spain,ESP,2013,4690
Spain,ESP,2014,4697
Spain,ESP,2015,4704
Spain,ESP,2016,4713
Spain,ESP,2017,4723
Spain,ESP,2018,4763.60693359375
Spain,ESP,2019,8839.2529296875
Spain,ESP,2020,10285.4765625
Spain,ESP,2021,13648.4765625
Sweden,SWE,1996,2
Sweden,SWE,1997,2
Sweden,SWE,1998,2
Sweden,SWE,1999,3
Sweden,SWE,2000,3
Sweden,SWE,2001,3
Sweden,SWE,2002,3
Sweden,SWE,2003,4
Sweden,SWE,2004,4
Sweden,SWE,2005,4
Sweden,SWE,2006,5
Sweden,SWE,2007,6
Sweden,SWE,2008,8
Sweden,SWE,2009,9
Sweden,SWE,2010,11
Sweden,SWE,2011,12
Sweden,SWE,2012,24
Sweden,SWE,2013,43
Sweden,SWE,2014,60
Sweden,SWE,2015,104
Sweden,SWE,2016,153
Sweden,SWE,2017,244
Sweden,SWE,2018,428
Sweden,SWE,2019,714
Sweden,SWE,2020,1107
Sweden,SWE,2021,1577.4000244140625
Switzerland,CHE,1996,8
Switzerland,CHE,1997,10
Switzerland,CHE,1998,12
Switzerland,CHE,1999,13
Switzerland,CHE,2000,16
Switzerland,CHE,2001,18
Switzerland,CHE,2002,20
Switzerland,CHE,2003,22
Switzerland,CHE,2004,24
Switzerland,CHE,2005,28
Switzerland,CHE,2006,30
Switzerland,CHE,2007,37
Switzerland,CHE,2008,49
Switzerland,CHE,2009,79
Switzerland,CHE,2010,125
Switzerland,CHE,2011,223
Switzerland,CHE,2012,437
Switzerland,CHE,2013,756
Switzerland,CHE,2014,1061
Switzerland,CHE,2015,1394
Switzerland,CHE,2016,1664
Switzerland,CHE,2017,1906
Switzerland,CHE,2018,2173
Switzerland,CHE,2019,2498
Switzerland,CHE,2020,2973.389892578125
Switzerland,CHE,2021,3448.780029296875
Taiwan,TWN,1996,0
Taiwan,TWN,1997,0
Taiwan,TWN,1998,0
Taiwan,TWN,1999,0
Taiwan,TWN,2000,0.10000000149011612
Taiwan,TWN,2001,0.20000000298023224
Taiwan,TWN,2002,0.33000001311302185
Taiwan,TWN,2003,0.44999998807907104
Taiwan,TWN,2004,0.5699999928474426
Taiwan,TWN,2005,1.0399999618530273
Taiwan,TWN,2006,1.409999966621399
Taiwan,TWN,2007,2.440000057220459
Taiwan,TWN,2008,5.579999923706055
Taiwan,TWN,2009,9.510000228881836
Taiwan,TWN,2010,34.55500030517578
Taiwan,TWN,2011,129.91200256347656
Taiwan,TWN,2012,231.281005859375
Taiwan,TWN,2013,409.93798828125
Taiwan,TWN,2014,635.9509887695312
Taiwan,TWN,2015,884.2509765625
Taiwan,TWN,2016,1245.0550537109375
Taiwan,TWN,2017,1767.7020263671875
Taiwan,TWN,2018,2738.118896484375
Taiwan,TWN,2019,4149.5390625
Taiwan,TWN,2020,5817.205078125
Taiwan,TWN,2021,7700.212890625
Thailand,THA,1996,0
Thailand,THA,1997,0
Thailand,THA,1998,0
Thailand,THA,1999,0
Thailand,THA,2000,0
Thailand,THA,2001,0
Thailand,THA,2002,0
Thailand,THA,2003,0
Thailand,THA,2004,0
Thailand,THA,2005,0
Thailand,THA,2006,30.40999984741211
Thailand,THA,2007,32.25
Thailand,THA,2008,32.349998474121094
Thailand,THA,2009,37
Thailand,THA,2010,48.599998474121094
Thailand,THA,2011,78.69999694824219
Thailand,THA,2012,376.70001220703125
Thailand,THA,2013,823.5
Thailand,THA,2014,1298.5
Thailand,THA,2015,1419.5999755859375
Thailand,THA,2016,2446.10009765625
Thailand,THA,2017,2697.260009765625
Thailand,THA,2018,2962.43994140625
Thailand,THA,2019,2982.6201171875
Thailand,THA,2020,2982.6201171875
Thailand,THA,2021,3043.6201171875
Turkey,TUR,1996,0
Turkey,TUR,1997,0
Turkey,TUR,1998,0
Turkey,TUR,1999,0
Turkey,TUR,2000,0.10000000149011612
Turkey,TUR,2001,0.30000001192092896
Turkey,TUR,2002,0.6000000238418579
Turkey,TUR,2003,1
Turkey,TUR,2004,1.5
Turkey,TUR,2005,2
Turkey,TUR,2006,2.5
Turkey,TUR,2007,3
Turkey,TUR,2008,3.700000047683716
Turkey,TUR,2009,4.699999809265137
Turkey,TUR,2010,5.699999809265137
Turkey,TUR,2011,6.699999809265137
Turkey,TUR,2012,11.699999809265137
Turkey,TUR,2013,17.700000762939453
Turkey,TUR,2014,40
Turkey,TUR,2015,249
Turkey,TUR,2016,833
Turkey,TUR,2017,3420.699951171875
Turkey,TUR,2018,5062.60791015625
Turkey,TUR,2019,5995.15478515625
Turkey,TUR,2020,6667.35498046875
Turkey,TUR,2021,7815.55517578125
Ukraine,UKR,1996,0
Ukraine,UKR,1997,0
Ukraine,UKR,1998,0
Ukraine,UKR,1999,0
Ukraine,UKR,2000,0
Ukraine,UKR,2001,0
Ukraine,UKR,2002,0
Ukraine,UKR,2003,0
Ukraine,UKR,2004,0
Ukraine,UKR,2005,0
Ukraine,UKR,2006,0
Ukraine,UKR,2007,0
Ukraine,UKR,2008,0
Ukraine,UKR,2009,0
Ukraine,UKR,2010,2.5
Ukraine,UKR,2011,188.1999969482422
Ukraine,UKR,2012,371.6000061035156
Ukraine,UKR,2013,748.4000244140625
Ukraine,UKR,2014,819.0999755859375
Ukraine,UKR,2015,841.2000122070312
Ukraine,UKR,2016,954.7000122070312
Ukraine,UKR,2017,1200
Ukraine,UKR,2018,2002.68798828125
Ukraine,UKR,2019,5935.68798828125
Ukraine,UKR,2020,7331
Ukraine,UKR,2021,8062
United Arab Emirates,ARE,1996,0
United Arab Emirates,ARE,1997,0
United Arab Emirates,ARE,1998,0
United Arab Emirates,ARE,1999,0
United Arab Emirates,ARE,2000,0
United Arab Emirates,ARE,2001,0
United Arab Emirates,ARE,2002,0
United Arab Emirates,ARE,2003,0
United Arab Emirates,ARE,2004,0
United Arab Emirates,ARE,2005,0
United Arab Emirates,ARE,2006,0
United Arab Emirates,ARE,2007,0
United Arab Emirates,ARE,2008,0
United Arab Emirates,ARE,2009,10.076000213623047
United Arab Emirates,ARE,2010,10.826000213623047
United Arab Emirates,ARE,2011,12.75100040435791
United Arab Emirates,ARE,2012,13.206000328063965
United Arab Emirates,ARE,2013,25.802000045776367
United Arab Emirates,ARE,2014,33.17100143432617
United Arab Emirates,ARE,2015,33.40599822998047
United Arab Emirates,ARE,2016,40.40599822998047
United Arab Emirates,ARE,2017,255.03599548339844
United Arab Emirates,ARE,2018,498.30499267578125
United Arab Emirates,ARE,2019,1817.8699951171875
United Arab Emirates,ARE,2020,2205.39697265625
United Arab Emirates,ARE,2021,2605.047119140625
United Kingdom,GBR,1996,0.20000000298023224
United Kingdom,GBR,1997,0.4000000059604645
United Kingdom,GBR,1998,0.5
United Kingdom,GBR,1999,0.8999999761581421
United Kingdom,GBR,2000,2
United Kingdom,GBR,2001,3
United Kingdom,GBR,2002,4
United Kingdom,GBR,2003,6
United Kingdom,GBR,2004,8
United Kingdom,GBR,2005,11
United Kingdom,GBR,2006,14
United Kingdom,GBR,2007,18
United Kingdom,GBR,2008,23
United Kingdom,GBR,2009,27
United Kingdom,GBR,2010,95
United Kingdom,GBR,2011,1000
United Kingdom,GBR,2012,1753
United Kingdom,GBR,2013,2937
United Kingdom,GBR,2014,5528
United Kingdom,GBR,2015,9601.21875
United Kingdom,GBR,2016,11914
United Kingdom,GBR,2017,12760
United Kingdom,GBR,2018,13073
United Kingdom,GBR,2019,13346
United Kingdom,GBR,2020,13462.48046875
United Kingdom,GBR,2021,13689
United States,USA,1996,13.899999618530273
United States,USA,1997,14.600000381469727
United States,USA,1998,15.199999809265137
United States,USA,1999,16.600000381469727
United States,USA,2000,176
United States,USA,2001,213
United States,USA,2002,255
United States,USA,2003,293
United States,USA,2004,363
United States,USA,2005,493
United States,USA,2006,698
United States,USA,2007,974
United States,USA,2008,1153
United States,USA,2009,1614
United States,USA,2010,2909
United States,USA,2011,5172
United States,USA,2012,8137
United States,USA,2013,11759
United States,USA,2014,15984
United States,USA,2015,21684
United States,USA,2016,32958
United States,USA,2017,41357
United States,USA,2018,49812
United States,USA,2019,59068
United States,USA,2020,73813.703125
United States,USA,2021,93713.015625
Upper-middle-income countries,,1996,11
Upper-middle-income countries,,1997,15.5
Upper-middle-income countries,,1998,21
Upper-middle-income countries,,1999,29
Upper-middle-income countries,,2000,47.654998779296875
Upper-middle-income countries,,2001,53.39699935913086
Upper-middle-income countries,,2002,73.20700073242188
Upper-middle-income countries,,2003,84.35700225830078
Upper-middle-income countries,,2004,94.85900115966797
Upper-middle-income countries,,2005,159.95899963378906
Upper-middle-income countries,,2006,209.86900329589844
Upper-middle-income countries,,2007,254.48899841308594
Upper-middle-income countries,,2008,309.5950012207031
Upper-middle-income countries,,2009,485.0950012207031
Upper-middle-income countries,,2010,1134.407958984375
Upper-middle-income countries,,2011,3404.217041015625
Upper-middle-income countries,,2012,8288.9130859375
Upper-middle-income countries,,2013,20901.484375
Upper-middle-income countries,,2014,33521.7734375
Upper-middle-income countries,,2015,49487.40234375
Upper-middle-income countries,,2016,86917.140625
Upper-middle-income countries,,2017,145832.734375
Upper-middle-income countries,,2018,196807.609375
Upper-middle-income countries,,2019,233240.3125
Upper-middle-income countries,,2020,289188.34375
Upper-middle-income countries,,2021,351687.625
Vietnam,VNM,2000,0.0020000000949949026
Vietnam,VNM,2001,0.1080000028014183
Vietnam,VNM,2002,0.23600000143051147
Vietnam,VNM,2003,0.4059999883174896
Vietnam,VNM,2004,0.746999979019165
Vietnam,VNM,2005,1.8849999904632568
Vietnam,VNM,2006,3.4240000247955322
Vietnam,VNM,2007,3.4240000247955322
Vietnam,VNM,2008,3.4240000247955322
Vietnam,VNM,2009,3.515000104904175
Vietnam,VNM,2010,4.51800012588501
Vietnam,VNM,2011,4.51800012588501
Vietnam,VNM,2012,4.51800012588501
Vietnam,VNM,2013,4.51800012588501
Vietnam,VNM,2014,5.289999961853027
Vietnam,VNM,2015,5.289999961853027
Vietnam,VNM,2016,5.289999961853027
Vietnam,VNM,2017,7.992000102996826
Vietnam,VNM,2018,104.99199676513672
Vietnam,VNM,2019,4993.490234375
Vietnam,VNM,2020,16660.490234375
Vietnam,VNM,2021,16660.490234375
World,OWID_WRL,1996,171.8124237060547
World,OWID_WRL,1997,231.73727416992188
World,OWID_WRL,1998,304.9621276855469
World,OWID_WRL,1999,423.5993957519531
World,OWID_WRL,2000,808.6690063476562
World,OWID_WRL,2001,1092.9859619140625
World,OWID_WRL,2002,1437.0589599609375
World,OWID_WRL,2003,1965.030029296875
World,OWID_WRL,2004,3051.97900390625
World,OWID_WRL,2005,4548.119140625
World,OWID_WRL,2006,6093.19287109375
World,OWID_WRL,2007,8506.4658203125
World,OWID_WRL,2008,14729.541015625
World,OWID_WRL,2009,22844.466796875
World,OWID_WRL,2010,40337.80859375
World,OWID_WRL,2011,72215.96875
World,OWID_WRL,2012,101745.328125
World,OWID_WRL,2013,137226.96875
World,OWID_WRL,2014,175617.171875
World,OWID_WRL,2015,223203.59375
World,OWID_WRL,2016,295228.90625
World,OWID_WRL,2017,390206.53125
World,OWID_WRL,2018,483011.8125
World,OWID_WRL,2019,584685.6875
World,OWID_WRL,2020,710281.125
World,OWID_WRL,2021,843086.0625